{
    "value0": [
        {
            "value0": 16,
            "value1": false,
            "value2": false,
            "value3": {
                "value0": 1,
                "value1": 1,
                "value2": {
                    "value0": -0.32613706588745119,
                    "value1": 0.0,
                    "value2": 0.0
                },
                "value3": {
                    "value0": 0.0,
                    "value1": 0.0,
                    "value2": 0.0,
                    "value3": 1.0
                },
                "value4": {
                    "value0": 1.0,
                    "value1": -0.0,
                    "value2": 0.0,
                    "value3": -0.0,
                    "value4": -0.0,
                    "value5": 1.0,
                    "value6": -0.0,
                    "value7": 0.0,
                    "value8": 0.0,
                    "value9": -0.0,
                    "value10": 1.0,
                    "value11": -0.0,
                    "value12": 0.32613706588745119,
                    "value13": 0.0,
                    "value14": -0.0,
                    "value15": 1.0
                },
                "value5": 0.6410248875617981,
                "value6": {
                    "value0": {
                        "value0": -0.7428032159805298,
                        "value1": -1.2166662216186524,
                        "value2": -1.2166662216186524
                    },
                    "value1": {
                        "value0": 0.09052908420562744,
                        "value1": 1.2166662216186524,
                        "value2": 1.2166662216186524
                    }
                },
                "value7": {
                    "value0": {
                        "value0": -0.7428032159805298,
                        "value1": -1.2166662216186524,
                        "value2": -1.2166662216186524
                    },
                    "value1": {
                        "value0": 0.09052908420562744,
                        "value1": 1.2166662216186524,
                        "value2": 1.2166662216186524
                    }
                }
            },
            "value4": {
                "value0": 0.0,
                "value1": 0,
                "value2": 0.0,
                "value3": 0,
                "value4": {
                    "value0": 0.0,
                    "value1": 0.0,
                    "value2": 0.0
                },
                "value5": {
                    "value0": 0,
                    "value1": 0,
                    "value2": 0
                },
                "value6": 1,
                "value7": {
                    "value0": 0.0,
                    "value1": 0.800000011920929,
                    "value2": 0.800000011920929
                },
                "value8": 0,
                "value9": {
                    "value0": 1.0,
                    "value1": 0.5,
                    "value2": 0.10000000149011612,
                    "value3": 0.30000001192092898
                },
                "value10": 0,
                "value11": 0.0
            },
            "value5": {
                "value0": false,
                "value1": 1.0,
                "value2": 0.0,
                "value3": {
                    "value0": -0.32613706588745119,
                    "value1": 0.0,
                    "value2": 0.0
                },
                "value4": {
                    "value0": 0.0,
                    "value1": 0.0,
                    "value2": 0.0,
                    "value3": 0.0
                },
                "value5": {
                    "value0": 0.0,
                    "value1": 0.0,
                    "value2": 0.0,
                    "value3": 1.0
                },
                "value6": {
                    "value0": 0.0,
                    "value1": 0.0,
                    "value2": 0.0
                },
                "value7": {
                    "value0": 0.0,
                    "value1": 0.0,
                    "value2": 0.0
                },
                "value8": {
                    "value0": 0.0,
                    "value1": 0.0,
                    "value2": 0.0
                },
                "value9": {
                    "value0": 0.0,
                    "value1": 0.0,
                    "value2": 0.0
                },
                "value10": {
                    "value0": 0.0,
                    "value1": 0.0,
                    "value2": 0.0
                },
                "value11": {
                    "value0": 0.0,
                    "value1": 0.0,
                    "value2": 0.0
                }
            },
            "value6": {
                "value0": 7,
                "value1": 1,
                "value2": {
                    "value0": 0.6410248875617981,
                    "value1": 0.0,
                    "value2": 0.0,
                    "value3": 0.0,
                    "value4": 0.0,
                    "value5": 0.6410248875617981,
                    "value6": 0.0,
                    "value7": 0.0,
                    "value8": 0.0,
                    "value9": 0.0,
                    "value10": 0.6410248875617981,
                    "value11": 0.0,
                    "value12": -0.32613706588745119,
                    "value13": 0.0,
                    "value14": 0.0,
                    "value15": 1.0
                }
            }
        },
        {
            "value0": 6,
            "value1": false,
            "value2": false,
            "value3": {
                "value0": 4,
                "value1": 0,
                "value2": {
                    "value0": 0.0,
                    "value1": 0.0,
                    "value2": 0.0
                },
                "value3": {
                    "value0": 1.0777004177953131e-8,
                    "value1": 0.0,
                    "value2": 1.767461839108364e-7,
                    "value3": 0.9976259469985962
                },
                "value4": {
                    "value0": 1.0,
                    "value1": -3.526531600073213e-7,
                    "value2": 3.7734551235361818e-15,
                    "value3": -0.0,
                    "value4": 3.526531600073213e-7,
                    "value5": 1.0,
                    "value6": -2.15028386207905e-8,
                    "value7": 0.0,
                    "value8": 3.7734551235361818e-15,
                    "value9": 2.15028386207905e-8,
                    "value10": 1.0,
                    "value11": -0.0,
                    "value12": -0.0,
                    "value13": 0.0,
                    "value14": -0.0,
                    "value15": 1.0
                },
                "value5": 0.9999939799308777,
                "value6": {
                    "value0": {
                        "value0": -0.649996280670166,
                        "value1": -0.649996280670166,
                        "value2": -0.6499960422515869
                    },
                    "value1": {
                        "value0": 0.649996280670166,
                        "value1": 0.649996280670166,
                        "value2": 0.6499960422515869
                    }
                },
                "value7": {
                    "value0": {
                        "value0": -0.649996280670166,
                        "value1": -0.649996280670166,
                        "value2": -0.6499960422515869
                    },
                    "value1": {
                        "value0": 0.649996280670166,
                        "value1": 0.649996280670166,
                        "value2": 0.6499960422515869
                    }
                }
            },
            "value4": {
                "value0": 0.0,
                "value1": 0,
                "value2": 0.0,
                "value3": 0,