{
    "value0": [
        {
            "value0": 5,
            "value1": false,
            "value2": false,
            "value3": {
                "value0": 5,
                "value1": 4,
                "value2": {
                    "value0": -0.007799685001373291,
                    "value1": -1.018837809562683,
                    "value2": 0.004408359527587891
                },
                "value3": {
                    "value0": 0.0,
                    "value1": 0.0,
                    "value2": 0.0,
                    "value3": 1.0
                },
                "value4": {
                    "value0": 1.0,
                    "value1": -0.0,
                    "value2": 0.0,
                    "value3": -0.0,
                    "value4": -0.0,
                    "value5": 1.0,
                    "value6": -0.0,
                    "value7": 0.0,
                    "value8": 0.0,
                    "value9": -0.0,
                    "value10": 1.0,
                    "value11": -0.0,
                    "value12": 0.007799685001373291,
                    "value13": 1.018837809562683,
                    "value14": -0.004408359527587891,
                    "value15": 1.0
                },
                "value5": 50.0,
                "value6": {
                    "value0": {
                        "value0": -1000.0,
                        "value1": -1000.0,
                        "value2": -1000.0
                    },
                    "value1": {
                        "value0": 1000.0,
                        "value1": 30.574542999267579,
                        "value2": 1000.0
                    }
                },
                "value7": {
                    "value0": {
                        "value0": -1000.0,
                        "value1": -1000.0,
                        "value2": -1000.0
                    },
                    "value1": {
                        "value0": 1000.0,
                        "value1": 30.574542999267579,
                        "value2": 1000.0
                    }
                }
            },
            "value4": {
                "value0": 0.0,
                "value1": 0,
                "value2": 0.0,
                "value3": 0,
                "value4": {
                    "value0": 0.0,
                    "value1": 0.0,
                    "value2": 0.0
                },
                "value5": {
                    "value0": 0,
                    "value1": 0,
                    "value2": 0
                },
                "value6": 0,
                "value7": {
                    "value0": 0.0,
                    "value1": 0.0,
                    "value2": 0.0
                },
                "value8": 13,
                "value9": {
                    "value0": 1.7929999828338624,
                    "value1": 0.296999990940094,
                    "value2": 0.13600000739097596,
                    "value3": 0.2800000011920929
                },
                "value10": 0,
                "value11": 0.0
            },
            "value5": {
                "value0": false,
                "value1": 1.0,
                "value2": 0.0,
                "value3": {
                    "value0": -0.007799685001373291,
                    "value1": -1.018837809562683,
                    "value2": 0.004408359527587891
                },
                "value4": {
                    "value0": 0.0,
                    "value1": 0.0,
                    "value2": 0.0,
                    "value3": 0.0
                },
                "value5": {
                    "value0": 0.0,
                    "value1": 0.0,
                    "value2": 0.0,
                    "value3": 1.0
                },
                "value6": {
                    "value0": 0.0,
                    "value1": 0.0,
                    "value2": 0.0
                },
                "value7": {
                    "value0": 0.0,
                    "value1": 0.0,
                    "value2": 0.0
                },
                "value8": {
                    "value0": 0.0,
                    "value1": 0.0,
                    "value2": 0.0
                },
                "value9": {
                    "value0": 0.0,
                    "value1": 0.0,
                    "value2": 0.0
                },
                "value10": {
                    "value0": 0.0,
                    "value1": 0.0,
                    "value2": 0.0
                },
                "value11": {
                    "value0": 0.0,
                    "value1": 0.0,
                    "value2": 0.0
                }
            },
            "value6": {
                "value0": 7,
                "value1": 1,
                "value2": {
                    "value0": 50.0,
                    "value1": 0.0,
                    "value2": 0.0,
                    "value3": 0.0,
                    "value4": 0.0,
                    "value5": 50.0,
                    "value6": 0.0,
                    "value7": 0.0,
                    "value8": 0.0,
                    "value9": 0.0,
                    "value10": 50.0,
                    "value11": 0.0,
                    "value12": -0.007799685001373291,
                    "value13": -1.018837809562683,
                    "value14": 0.004408359527587891,
                    "value15": 1.0
                }
            }
        },
        {
            "value0": 30,
            "value1": false,
            "value2": false,
            "value3": {
                "value0": 5,
                "value1": 5,
                "value2": {
                    "value0": -0.007799685001373291,
                    "value1": -0.1109437346458435,
                    "value2": 0.004408359527587891
                },
                "value3": {
                    "value0": 0.0,
                    "value1": 0.0,
                    "value2": 0.0,
                    "value3": 1.0
                },
                "value4": {
                    "value0": 1.0,
                    "value1": -0.0,
                    "value2": 0.0,
                    "value3": -0.0,
                    "value4": -0.0,
                    "value5": 1.0,
                    "value6": -0.0,
                    "value7": 0.0,
                    "value8": 0.0,
                    "value9": -0.0,
                    "value10": 1.0,
                    "value11": -0.0,
                    "value12": 0.007799685001373291,
                    "value13": 0.1109437346458435,
                    "value14": -0.004408359527587891,
                    "value15": 1.0
                },
                "value5": 5.0,
                "value6": {
                    "value0": {
                        "value0": -1000.0,
                        "value1": -1000.0,
                        "value2": -1000.0
                    },
                    "value1": {
                        "value0": 1000.0,
                        "value1": 1.423741340637207,
                        "value2": 1000.0
                    }
                },
                "value7": {
                    "value0": {
                        "value0": -1000.0,
                        "value1": -1000.0,
                        "value2": -1000.0
                    },
                    "value1": {
                        "value0": 1000.0,
                        "value1": 1.423741340637207,
                        "value2": 1000.0
                    }
                }
            },
            "value4": {
                "value0": 0.0,
                "value1": 0,
                "value2": 0.0,
                "value3": 0,
                "value4": {
                    "value0": 0.0,
                    "value1": 0.0,
                    "value2": 0.0
                },
                "value5": {
                    "value0": 0,
                    "value1": 0,